{
  "hash": "e250b0af",
  "configHash": "17e875fa",
  "lockfileHash": "2385ee14",
  "browserHash": "2a57002c",
  "optimized": {
    "@angular/common": {
      "src": "../../../../../../node_modules/@angular/common/fesm2022/common.mjs",
      "file": "@angular_common.js",
      "fileHash": "9f8924a0",
      "needsInterop": false
    },
    "@angular/common/http": {
      "src": "../../../../../../node_modules/@angular/common/fesm2022/http.mjs",
      "file": "@angular_common_http.js",
      "fileHash": "c71a0082",
      "needsInterop": false
    },
    "@angular/core": {
      "src": "../../../../../../node_modules/@angular/core/fesm2022/core.mjs",
      "file": "@angular_core.js",
      "fileHash": "7b4069b0",
      "needsInterop": false
    },
    "@angular/forms": {
      "src": "../../../../../../node_modules/@angular/forms/fesm2022/forms.mjs",
      "file": "@angular_forms.js",
      "fileHash": "0941fce7",
      "needsInterop": false
    },
    "@angular/platform-browser": {
      "src": "../../../../../../node_modules/@angular/platform-browser/fesm2022/platform-browser.mjs",
      "file": "@angular_platform-browser.js",
      "fileHash": "c7455c78",
      "needsInterop": false
    },
    "@angular/router": {
      "src": "../../../../../../node_modules/@angular/router/fesm2022/router.mjs",
      "file": "@angular_router.js",
      "fileHash": "d5e8419b",
      "needsInterop": false
    }
  },
  "chunks": {
    "chunk-HAVN6EWS": {
      "file": "chunk-HAVN6EWS.js"
    },
    "chunk-GDPJ4OBD": {
      "file": "chunk-GDPJ4OBD.js"
    },
    "chunk-RMLN52P2": {
      "file": "chunk-RMLN52P2.js"
    },
    "chunk-ZTNQHJPU": {
      "file": "chunk-ZTNQHJPU.js"
    },
    "chunk-MHQIP2VU": {
      "file": "chunk-MHQIP2VU.js"
    }
  }
}