{
  "hash": "8c535de9",
  "configHash": "0216e5eb",
  "lockfileHash": "7198013c",
  "browserHash": "4fb665ee",
  "optimized": {
    "@angular/common/http": {
      "src": "../../../../../../node_modules/@angular/common/fesm2022/http.mjs",
      "file": "@angular_common_http.js",
      "fileHash": "4e94fe65",
      "needsInterop": false
    },
    "@angular/core": {
      "src": "../../../../../../node_modules/@angular/core/fesm2022/core.mjs",
      "file": "@angular_core.js",
      "fileHash": "f07b0331",
      "needsInterop": false
    },
    "@angular/platform-browser": {
      "src": "../../../../../../node_modules/@angular/platform-browser/fesm2022/platform-browser.mjs",
      "file": "@angular_platform-browser.js",
      "fileHash": "6061758b",
      "needsInterop": false
    },
    "@angular/router": {
      "src": "../../../../../../node_modules/@angular/router/fesm2022/router.mjs",
      "file": "@angular_router.js",
      "fileHash": "a5d166c4",
      "needsInterop": false
    },
    "@angular/forms": {
      "src": "../../../../../../node_modules/@angular/forms/fesm2022/forms.mjs",
      "file": "@angular_forms.js",
      "fileHash": "12629a05",
      "needsInterop": false
    },
    "@angular/common": {
      "src": "../../../../../../node_modules/@angular/common/fesm2022/common.mjs",
      "file": "@angular_common.js",
      "fileHash": "3a80844a",
      "needsInterop": false
    }
  },
  "chunks": {
    "chunk-VC6XYFN4": {
      "file": "chunk-VC6XYFN4.js"
    },
    "chunk-O3JAJO7W": {
      "file": "chunk-O3JAJO7W.js"
    },
    "chunk-P6CCRDKW": {
      "file": "chunk-P6CCRDKW.js"
    },
    "chunk-LEOBE6CO": {
      "file": "chunk-LEOBE6CO.js"
    }
  }
}