{
  "project_info": {
    "project_number": "375748846801",
    "project_id": "iniciosesionmanana",
    "storage_bucket": "iniciosesionmanana.firebasestorage.app"
  },
  "client": [
    {
      "client_info": {
        "mobilesdk_app_id": "1:375748846801:android:3c643db39b1823cbae51f0",
        "android_client_info": {
          "package_name": "com.example.iniciofirebase"
        }
      },
      "oauth_client": [],
      "api_key": [
        {
          "current_key": "AIzaSyDerNm9-THqw8FDS1Qap-EnW85J50N6J3s"
        }
      ],
      "services": {
        "appinvite_service": {
          "other_platform_oauth_client": []
        }
      }
    }
  ],
  "configuration_version": "1"
}